"State","Postcode"
"Johor","80000"
"Johor","80050"
"Johor","80100"
"Johor","80150"
"Johor","80200"
"Johor","80250"
"Johor","80300"
"Johor","80350"
"Johor","80400"
"Johor","81000"
"Johor","81100"
"Johor","81200"
"Johor","81300"
"Johor","81400"
"Johor","81500"
"Johor","81550"
"Johor","81700"
"Johor","81750"
"Johor","81800"
"Johor","81850"
"Johor","81900"
"Johor","82000"
"Johor","82100"
"Johor","82200"
"Johor","82300"
"Johor","83000"
"Johor","83100"
"Johor","83200"
"Johor","83300"
"Johor","83400"
"Johor","83500"
"Johor","83600"
"Johor","83700"
"Johor","84000"
"Johor","84100"
"Johor","84150"
"Johor","84200"
"Johor","84300"
"Johor","84400"
"Johor","84500"
"Johor","84600"
"Johor","84700"
"Johor","84800"
"Johor","84900"
"Johor","85000"
"Johor","85100"
"Johor","85200"
"Johor","85300"
"Johor","85400"
"Johor","86000"
"Johor","86100"
"Johor","86200"
"Johor","86300"
"Johor","86400"
"Johor","86500"
"Johor","86600"
"Johor","86700"
"Johor","86800"
"Johor","86900"
"Kedah","05000"
"Kedah","05050"
"Kedah","05100"
"Kedah","05150"
"Kedah","05200"
"Kedah","05250"
"Kedah","05300"
"Kedah","05350"
"Kedah","05400"
"Kedah","05460"
"Kedah","05500"
"Kedah","05502"
"Kedah","05503"
"Kedah","05504"
"Kedah","05505"
"Kedah","05506"
"Kedah","05508"
"Kedah","05512"
"Kedah","05514"
"Kedah","05516"
"Kedah","05517"
"Kedah","05518"
"Kedah","05520"
"Kedah","05532"
"Kedah","05534"
"Kedah","05536"
"Kedah","05538"
"Kedah","05550"
"Kedah","05551"
"Kedah","05552"
"Kedah","05556"
"Kedah","05558"
"Kedah","05564"
"Kedah","05576"
"Kedah","05578"
"Kedah","05580"
"Kedah","05582"
"Kedah","05586"
"Kedah","05590"
"Kedah","05592"
"Kedah","05594"
"Kedah","05596"
"Kedah","05600"
"Kedah","05604"
"Kedah","05610"
"Kedah","05612"
"Kedah","05614"
"Kedah","05620"
"Kedah","05621"
"Kedah","05622"
"Kedah","05626"
"Kedah","05628"
"Kedah","05630"
"Kedah","05632"
"Kedah","05644"
"Kedah","05660"
"Kedah","05661"
"Kedah","05664"
"Kedah","05670"
"Kedah","05672"
"Kedah","05673"
"Kedah","05674"
"Kedah","05675"
"Kedah","05676"
"Kedah","05680"
"Kedah","05690"
"Kedah","05700"
"Kedah","05710"
"Kedah","05720"
"Kedah","05990"
"Kedah","06000"
"Kedah","06007"
"Kedah","06009"
"Kedah","06010"
"Kedah","06050"
"Kedah","06100"
"Kedah","06150"
"Kedah","06200"
"Kedah","06207"
"Kedah","06209"
"Kedah","06250"
"Kedah","06300"
"Kedah","06350"
"Kedah","06400"
"Kedah","06500"
"Kedah","06507"
"Kedah","06509"
"Kedah","06550"
"Kedah","06570"
"Kedah","06600"
"Kedah","06650"
"Kedah","06660"
"Kedah","06700"
"Kedah","06707"
"Kedah","06709"
"Kedah","06710"
"Kedah","06720"
"Kedah","06750"
"Kedah","06800"
"Kedah","06900"
"Kedah","06910"
"Kedah","07000"
"Kedah","07007"
"Kedah","07009"
"Kedah","08007"
"Kedah","08009"
"Kedah","08010"
"Kedah","08100"
"Kedah","08110"
"Kedah","08200"
"Kedah","08210"
"Kedah","08300"
"Kedah","08320"
"Kedah","08330"
"Kedah","08340"
"Kedah","08400"
"Kedah","08407"
"Kedah","08409"
"Kedah","08500"
"Kedah","08507"
"Kedah","08509"
"Kedah","08600"
"Kedah","08700"
"Kedah","08800"
"Kedah","09000"
"Kedah","09007"
"Kedah","09009"
"Kedah","09010"
"Kedah","09020"
"Kedah","09100"
"Kedah","09200"
"Kedah","09300"
"Kedah","09310"
"Kedah","09400"
"Kedah","09410"
"Kedah","09600"
"Kedah","09700"
"Kedah","09800"
"Kedah","09810"
"Kedah","34950"
"Kelantan","15000"
"Kelantan","15050"
"Kelantan","15100"
"Kelantan","15150"
"Kelantan","15159"
"Kelantan","15200"
"Kelantan","15300"
"Kelantan","15350"
"Kelantan","15400"
"Kelantan","15500"
"Kelantan","15502"
"Kelantan","15503"
"Kelantan","15504"
"Kelantan","15505"
"Kelantan","15506"
"Kelantan","15508"
"Kelantan","15512"
"Kelantan","15514"
"Kelantan","15516"
"Kelantan","15517"
"Kelantan","15518"
"Kelantan","15519"
"Kelantan","15520"
"Kelantan","15524"
"Kelantan","15529"
"Kelantan","15532"
"Kelantan","15534"
"Kelantan","15536"
"Kelantan","15538"
"Kelantan","15540"
"Kelantan","15546"
"Kelantan","15548"
"Kelantan","15550"
"Kelantan","15551"
"Kelantan","15556"
"Kelantan","15558"
"Kelantan","15560"
"Kelantan","15564"
"Kelantan","15570"
"Kelantan","15572"
"Kelantan","15576"
"Kelantan","15578"
"Kelantan","15582"
"Kelantan","15586"
"Kelantan","15590"
"Kelantan","15592"
"Kelantan","15594"
"Kelantan","15596"
"Kelantan","15600"
"Kelantan","15604"
"Kelantan","15606"
"Kelantan","15608"
"Kelantan","15609"
"Kelantan","15610"
"Kelantan","15612"
"Kelantan","15614"
"Kelantan","15620"
"Kelantan","15622"
"Kelantan","15624"
"Kelantan","15626"
"Kelantan","15628"
"Kelantan","15630"
"Kelantan","15632"
"Kelantan","15634"
"Kelantan","15644"
"Kelantan","15646"
"Kelantan","15648"
"Kelantan","15658"
"Kelantan","15660"
"Kelantan","15661"
"Kelantan","15662"
"Kelantan","15664"
"Kelantan","15670"
"Kelantan","15672"
"Kelantan","15673"
"Kelantan","15674"
"Kelantan","15676"
"Kelantan","15680"
"Kelantan","15690"
"Kelantan","15700"
"Kelantan","15710"
"Kelantan","15720"
"Kelantan","15730"
"Kelantan","15740"
"Kelantan","15988"
"Kelantan","15990"
"Kelantan","16010"
"Kelantan","16020"
"Kelantan","16030"
"Kelantan","16040"
"Kelantan","16050"
"Kelantan","16060"
"Kelantan","16070"
"Kelantan","16080"
"Kelantan","16090"
"Kelantan","16100"
"Kelantan","16109"
"Kelantan","16150"
"Kelantan","16200"
"Kelantan","16210"
"Kelantan","16250"
"Kelantan","16300"
"Kelantan","16310"
"Kelantan","16400"
"Kelantan","16410"
"Kelantan","16450"
"Kelantan","16500"
"Kelantan","16600"
"Kelantan","16700"
"Kelantan","16800"
"Kelantan","16810"
"Kelantan","17000"
"Kelantan","17007"
"Kelantan","17009"
"Kelantan","17010"
"Kelantan","17020"
"Kelantan","17030"
"Kelantan","17040"
"Kelantan","17050"
"Kelantan","17060"
"Kelantan","17070"
"Kelantan","17200"
"Kelantan","17500"
"Kelantan","17507"
"Kelantan","17509"
"Kelantan","17510"
"Kelantan","17520"
"Kelantan","17600"
"Kelantan","17610"
"Kelantan","17700"
"Kelantan","18000"
"Kelantan","18010"
"Kelantan","18020"
"Kelantan","18050"
"Kelantan","18200"
"Kelantan","18300"
"Kelantan","18400"
"Kelantan","18500"
"Melaka","75000"
"Melaka","75050"
"Melaka","75100"
"Melaka","75150"
"Melaka","75200"
"Melaka","75250"
"Melaka","75260"
"Melaka","75300"
"Melaka","75350"
"Melaka","75400"
"Melaka","75450"
"Melaka","75460"
"Melaka","75500"
"Melaka","75502"
"Melaka","75503"
"Melaka","75504"
"Melaka","75505"
"Melaka","75506"
"Melaka","75508"
"Melaka","75510"
"Melaka","75512"
"Melaka","75514"
"Melaka","75516"
"Melaka","75517"
"Melaka","75518"
"Melaka","75519"
"Melaka","75532"
"Melaka","75536"
"Melaka","75538"
"Melaka","75540"
"Melaka","75542"
"Melaka","75546"
"Melaka","75550"
"Melaka","75551"
"Melaka","75552"
"Melaka","75560"
"Melaka","75564"
"Melaka","75566"
"Melaka","75570"
"Melaka","75572"
"Melaka","75576"
"Melaka","75578"
"Melaka","75582"
"Melaka","75584"
"Melaka","75586"
"Melaka","75590"
"Melaka","75592"
"Melaka","75594"
"Melaka","75596"
"Melaka","75600"
"Melaka","75604"
"Melaka","75606"
"Melaka","75608"
"Melaka","75609"
"Melaka","75610"
"Melaka","75612"
"Melaka","75618"
"Melaka","75620"
"Melaka","75622"
"Melaka","75626"
"Melaka","75628"
"Melaka","75630"
"Melaka","75632"
"Melaka","75646"
"Melaka","75648"
"Melaka","75662"
"Melaka","75668"
"Melaka","75670"
"Melaka","75672"
"Melaka","75673"
"Melaka","75674"
"Melaka","75676"
"Melaka","75690"
"Melaka","75700"
"Melaka","75710"
"Melaka","75720"
"Melaka","75730"
"Melaka","75740"
"Melaka","75750"
"Melaka","75760"
"Melaka","75900"
"Melaka","75902"
"Melaka","75904"
"Melaka","75906"
"Melaka","75908"
"Melaka","75910"
"Melaka","75912"
"Melaka","75914"
"Melaka","75916"
"Melaka","75918"
"Melaka","75990"
"Melaka","76100"
"Melaka","76109"
"Melaka","76200"
"Melaka","76300"
"Melaka","76400"
"Melaka","76409"
"Melaka","76450"
"Melaka","77000"
"Melaka","77007"
"Melaka","77008"
"Melaka","77009"
"Melaka","77100"
"Melaka","77109"
"Melaka","77200"
"Melaka","77300"
"Melaka","77309"
"Melaka","77400"
"Melaka","77407"
"Melaka","77409"
"Melaka","77500"
"Melaka","78000"
"Melaka","78009"
"Melaka","78100"
"Melaka","78200"
"Melaka","78300"
"Melaka","78307"
"Melaka","78309"
"Negeri Sembilan","70000"
"Negeri Sembilan","70100"
"Negeri Sembilan","70200"
"Negeri Sembilan","70300"
"Negeri Sembilan","70400"
"Negeri Sembilan","70450"
"Negeri Sembilan","70500"
"Negeri Sembilan","70502"
"Negeri Sembilan","70503"
"Negeri Sembilan","70504"
"Negeri Sembilan","70505"
"Negeri Sembilan","70506"
"Negeri Sembilan","70508"
"Negeri Sembilan","70512"
"Negeri Sembilan","70516"
"Negeri Sembilan","70517"
"Negeri Sembilan","70518"
"Negeri Sembilan","70532"
"Negeri Sembilan","70534"
"Negeri Sembilan","70536"
"Negeri Sembilan","70540"
"Negeri Sembilan","70546"
"Negeri Sembilan","70548"
"Negeri Sembilan","70550"
"Negeri Sembilan","70551"
"Negeri Sembilan","70558"
"Negeri Sembilan","70560"
"Negeri Sembilan","70564"
"Negeri Sembilan","70570"
"Negeri Sembilan","70572"
"Negeri Sembilan","70576"
"Negeri Sembilan","70578"
"Negeri Sembilan","70582"
"Negeri Sembilan","70586"
"Negeri Sembilan","70590"
"Negeri Sembilan","70592"
"Negeri Sembilan","70594"
"Negeri Sembilan","70596"
"Negeri Sembilan","70600"
"Negeri Sembilan","70604"
"Negeri Sembilan","70606"
"Negeri Sembilan","70608"
"Negeri Sembilan","70609"
"Negeri Sembilan","70610"
"Negeri Sembilan","70620"
"Negeri Sembilan","70626"
"Negeri Sembilan","70628"
"Negeri Sembilan","70632"
"Negeri Sembilan","70634"
"Negeri Sembilan","70644"
"Negeri Sembilan","70646"
"Negeri Sembilan","70648"
"Negeri Sembilan","70658"
"Negeri Sembilan","70664"
"Negeri Sembilan","70670"
"Negeri Sembilan","70672"
"Negeri Sembilan","70673"
"Negeri Sembilan","70674"
"Negeri Sembilan","70676"
"Negeri Sembilan","70690"
"Negeri Sembilan","70700"
"Negeri Sembilan","70710"
"Negeri Sembilan","70720"
"Negeri Sembilan","70730"
"Negeri Sembilan","70740"
"Negeri Sembilan","70750"
"Negeri Sembilan","70990"
"Negeri Sembilan","71000"
"Negeri Sembilan","71007"
"Negeri Sembilan","71009"
"Negeri Sembilan","71010"
"Negeri Sembilan","71050"
"Negeri Sembilan","71059"
"Negeri Sembilan","71100"
"Negeri Sembilan","71109"
"Negeri Sembilan","71150"
"Negeri Sembilan","71159"
"Negeri Sembilan","71200"
"Negeri Sembilan","71209"
"Negeri Sembilan","71250"
"Negeri Sembilan","71259"
"Negeri Sembilan","71300"
"Negeri Sembilan","71309"
"Negeri Sembilan","71350"
"Negeri Sembilan","71359"
"Negeri Sembilan","71400"
"Negeri Sembilan","71409"
"Negeri Sembilan","71450"
"Negeri Sembilan","71459"
"Negeri Sembilan","71500"
"Negeri Sembilan","71509"
"Negeri Sembilan","71550"
"Negeri Sembilan","71559"
"Negeri Sembilan","71600"
"Negeri Sembilan","71609"
"Negeri Sembilan","71650"
"Negeri Sembilan","71659"
"Negeri Sembilan","71700"
"Negeri Sembilan","71707"
"Negeri Sembilan","71709"
"Negeri Sembilan","71750"
"Negeri Sembilan","71759"
"Negeri Sembilan","71770"
"Negeri Sembilan","71800"
"Negeri Sembilan","71807"
"Negeri Sembilan","71809"
"Negeri Sembilan","71900"
"Negeri Sembilan","71907"
"Negeri Sembilan","71909"
"Negeri Sembilan","71960"
"Negeri Sembilan","72000"
"Negeri Sembilan","72007"
"Negeri Sembilan","72009"
"Negeri Sembilan","72100"
"Negeri Sembilan","72107"
"Negeri Sembilan","72109"
"Negeri Sembilan","72120"
"Negeri Sembilan","72127"
"Negeri Sembilan","72129"
"Negeri Sembilan","72200"
"Negeri Sembilan","72207"
"Negeri Sembilan","72209"
"Negeri Sembilan","72300"
"Negeri Sembilan","72307"
"Negeri Sembilan","72309"
"Negeri Sembilan","72400"
"Negeri Sembilan","72409"
"Negeri Sembilan","72500"
"Negeri Sembilan","72507"
"Negeri Sembilan","72509"
"Negeri Sembilan","73000"
"Negeri Sembilan","73007"
"Negeri Sembilan","73009"
"Negeri Sembilan","73100"
"Negeri Sembilan","73109"
"Negeri Sembilan","73200"
"Negeri Sembilan","73207"
"Negeri Sembilan","73209"
"Negeri Sembilan","73300"
"Negeri Sembilan","73309"
"Negeri Sembilan","73400"
"Negeri Sembilan","73409"
"Negeri Sembilan","73410"
"Negeri Sembilan","73420"
"Negeri Sembilan","73430"
"Negeri Sembilan","73440"
"Negeri Sembilan","73480"
"Negeri Sembilan","73500"
"Negeri Sembilan","73507"
"Negeri Sembilan","73509"
"Pahang","25000"
"Pahang","25020"
"Pahang","25050"
"Pahang","25100"
"Pahang","25150"
"Pahang","25200"
"Pahang","25250"
"Pahang","25300"
"Pahang","25350"
"Pahang","25500"
"Pahang","25502"
"Pahang","25503"
"Pahang","25504"
"Pahang","25505"
"Pahang","25506"
"Pahang","25508"
"Pahang","25509"
"Pahang","25512"
"Pahang","25514"
"Pahang","25516"
"Pahang","25517"
"Pahang","25518"
"Pahang","25520"
"Pahang","25524"
"Pahang","25529"
"Pahang","25532"
"Pahang","25534"
"Pahang","25536"
"Pahang","25538"
"Pahang","25540"
"Pahang","25546"
"Pahang","25548"
"Pahang","25550"
"Pahang","25551"
"Pahang","25552"
"Pahang","25556"
"Pahang","25558"
"Pahang","25560"
"Pahang","25564"
"Pahang","25570"
"Pahang","25576"
"Pahang","25578"
"Pahang","25582"
"Pahang","25584"
"Pahang","25586"
"Pahang","25590"
"Pahang","25592"
"Pahang","25594"
"Pahang","25596"
"Pahang","25598"
"Pahang","25600"
"Pahang","25604"
"Pahang","25606"
"Pahang","25608"
"Pahang","25609"
"Pahang","25610"
"Pahang","25612"
"Pahang","25614"
"Pahang","25620"
"Pahang","25622"
"Pahang","25626"
"Pahang","25628"
"Pahang","25630"
"Pahang","25632"
"Pahang","25644"
"Pahang","25646"
"Pahang","25648"
"Pahang","25656"
"Pahang","25660"
"Pahang","25661"
"Pahang","25662"
"Pahang","25670"
"Pahang","25672"
"Pahang","25673"
"Pahang","25674"
"Pahang","25676"
"Pahang","25690"
"Pahang","25700"
"Pahang","25710"
"Pahang","25720"
"Pahang","25730"
"Pahang","25740"
"Pahang","25750"
"Pahang","25988"
"Pahang","25990"
"Pahang","26000"
"Pahang","26010"
"Pahang","26050"
"Pahang","26060"
"Pahang","26070"
"Pahang","26080"
"Pahang","26090"
"Pahang","26100"
"Pahang","26130"
"Pahang","26140"
"Pahang","26150"
"Pahang","26170"
"Pahang","26180"
"Pahang","26190"
"Pahang","26200"
"Pahang","26250"
"Pahang","26300"
"Pahang","26310"
"Pahang","26400"
"Pahang","26410"
"Pahang","26420"
"Pahang","26430"
"Pahang","26440"
"Pahang","26450"
"Pahang","26500"
"Pahang","26600"
"Pahang","26607"
"Pahang","26609"
"Pahang","26610"
"Pahang","26620"
"Pahang","26630"
"Pahang","26640"
"Pahang","26650"
"Pahang","26660"
"Pahang","26680"
"Pahang","26690"
"Pahang","26700"
"Pahang","26800"
"Pahang","26810"
"Pahang","26820"
"Pahang","26900"
"Pahang","27000"
"Pahang","27010"
"Pahang","27020"
"Pahang","27030"
"Pahang","27040"
"Pahang","27050"
"Pahang","27060"
"Pahang","27070"
"Pahang","27080"
"Pahang","27090"
"Pahang","27100"
"Pahang","27150"
"Pahang","27200"
"Pahang","27207"
"Pahang","27209"
"Pahang","27210"
"Pahang","27300"
"Pahang","27310"
"Pahang","27400"
"Pahang","27500"
"Pahang","27600"
"Pahang","27607"
"Pahang","27609"
"Pahang","27610"
"Pahang","27620"
"Pahang","27630"
"Pahang","27650"
"Pahang","27660"
"Pahang","27670"
"Pahang","28007"
"Pahang","28009"
"Pahang","28010"
"Pahang","28020"
"Pahang","28030"
"Pahang","28040"
"Pahang","28050"
"Pahang","28100"
"Pahang","28200"
"Pahang","28300"
"Pahang","28310"
"Pahang","28320"
"Pahang","28330"
"Pahang","28340"
"Pahang","28350"
"Pahang","28380"
"Pahang","28400"
"Pahang","28407"
"Pahang","28409"
"Pahang","28500"
"Pahang","28600"
"Pahang","28610"
"Pahang","28620"
"Pahang","28700"
"Pahang","28707"
"Pahang","28709"
"Pahang","28730"
"Pahang","28740"
"Pahang","28750"
"Pahang","28800"
"Pahang","39000"
"Pahang","39007"
"Pahang","39009"
"Pahang","39100"
"Pahang","39200"
"Pahang","49000"
"Pahang","69000"
"Perak","30000"
"Perak","30010"
"Perak","30020"
"Perak","30100"
"Perak","30200"
"Perak","30250"
"Perak","30300"
"Perak","30350"
"Perak","30450"
"Perak","30500"
"Perak","30502"
"Perak","30503"
"Perak","30504"
"Perak","30505"
"Perak","30506"
"Perak","30508"
"Perak","30510"
"Perak","30512"
"Perak","30516"
"Perak","30517"
"Perak","30518"
"Perak","30519"
"Perak","30520"
"Perak","30524"
"Perak","30532"
"Perak","30534"
"Perak","30536"
"Perak","30540"
"Perak","30542"
"Perak","30546"
"Perak","30548"
"Perak","30550"
"Perak","30551"
"Perak","30552"
"Perak","30554"
"Perak","30556"
"Perak","30560"
"Perak","30564"
"Perak","30570"
"Perak","30576"
"Perak","30580"
"Perak","30582"
"Perak","30586"
"Perak","30590"
"Perak","30592"
"Perak","30594"
"Perak","30596"
"Perak","30600"
"Perak","30604"
"Perak","30606"
"Perak","30609"
"Perak","30610"
"Perak","30612"
"Perak","30614"
"Perak","30620"
"Perak","30621"
"Perak","30622"
"Perak","30626"
"Perak","30628"
"Perak","30630"
"Perak","30632"
"Perak","30634"
"Perak","30644"
"Perak","30646"
"Perak","30648"
"Perak","30656"
"Perak","30658"
"Perak","30660"
"Perak","30661"
"Perak","30662"
"Perak","30664"
"Perak","30668"
"Perak","30670"
"Perak","30673"
"Perak","30674"
"Perak","30676"
"Perak","30682"
"Perak","30690"
"Perak","30700"
"Perak","30710"
"Perak","30720"
"Perak","30730"
"Perak","30740"
"Perak","30750"
"Perak","30760"
"Perak","30770"
"Perak","30780"
"Perak","30790"
"Perak","30800"
"Perak","30810"
"Perak","30820"
"Perak","30830"
"Perak","30840"
"Perak","30900"
"Perak","30902"
"Perak","30904"
"Perak","30906"
"Perak","30908"
"Perak","30910"
"Perak","30912"
"Perak","30988"
"Perak","30990"
"Perak","31000"
"Perak","31007"
"Perak","31009"
"Perak","31050"
"Perak","31100"
"Perak","31150"
"Perak","31200"
"Perak","31250"
"Perak","31300"
"Perak","31350"
"Perak","31400"
"Perak","31407"
"Perak","31409"
"Perak","31450"
"Perak","31500"
"Perak","31550"
"Perak","31560"
"Perak","31600"
"Perak","31610"
"Perak","31650"
"Perak","31700"
"Perak","31750"
"Perak","31800"
"Perak","31850"
"Perak","31900"
"Perak","31907"
"Perak","31909"
"Perak","31910"
"Perak","31920"
"Perak","31950"
"Perak","32000"
"Perak","32040"
"Perak","32100"
"Perak","32200"
"Perak","32300"
"Perak","32400"
"Perak","32500"
"Perak","32600"
"Perak","32700"
"Perak","32800"
"Perak","32900"
"Perak","33000"
"Perak","33007"
"Perak","33009"
"Perak","33010"
"Perak","33020"
"Perak","33030"
"Perak","33040"
"Perak","33100"
"Perak","33200"
"Perak","33300"
"Perak","33310"
"Perak","33320"
"Perak","33400"
"Perak","33410"
"Perak","33420"
"Perak","33500"
"Perak","33600"
"Perak","33700"
"Perak","33800"
"Perak","34000"
"Perak","34007"
"Perak","34008"
"Perak","34009"
"Perak","34010"
"Perak","34020"
"Perak","34030"
"Perak","34100"
"Perak","34120"
"Perak","34130"
"Perak","34140"
"Perak","34200"
"Perak","34250"
"Perak","34300"
"Perak","34310"
"Perak","34350"
"Perak","34400"
"Perak","34500"
"Perak","34510"
"Perak","34520"
"Perak","34600"
"Perak","34650"
"Perak","34700"
"Perak","34750"
"Perak","34800"
"Perak","34850"
"Perak","34900"
"Perak","35000"
"Perak","35007"
"Perak","35009"
"Perak","35300"
"Perak","35350"
"Perak","35400"
"Perak","35500"
"Perak","35600"
"Perak","35700"
"Perak","35800"
"Perak","35820"
"Perak","35900"
"Perak","35907"
"Perak","35909"
"Perak","35910"
"Perak","35950"
"Perak","36000"
"Perak","36007"
"Perak","36008"
"Perak","36009"
"Perak","36010"
"Perak","36020"
"Perak","36030"
"Perak","36100"
"Perak","36110"
"Perak","36200"
"Perak","36207"
"Perak","36209"
"Perak","36300"
"Perak","36307"
"Perak","36309"
"Perak","36400"
"Perak","36500"
"Perak","36600"
"Perak","36700"
"Perak","36750"
"Perak","36800"
"Perak","39000"
"Perlis","01000"
"Perlis","01007"
"Perlis","01009"
"Perlis","01500"
"Perlis","01502"
"Perlis","01503"
"Perlis","01504"
"Perlis","01505"
"Perlis","01506"
"Perlis","01508"
"Perlis","01512"
"Perlis","01514"
"Perlis","01516"
"Perlis","01517"
"Perlis","01518"
"Perlis","01524"
"Perlis","01529"
"Perlis","01532"
"Perlis","01538"
"Perlis","01540"
"Perlis","01546"
"Perlis","01550"
"Perlis","01551"
"Perlis","01556"
"Perlis","01560"
"Perlis","01564"
"Perlis","01570"
"Perlis","01572"
"Perlis","01576"
"Perlis","01578"
"Perlis","01582"
"Perlis","01586"
"Perlis","01590"
"Perlis","01592"
"Perlis","01594"
"Perlis","01596"
"Perlis","01598"
"Perlis","01600"
"Perlis","01604"
"Perlis","01606"
"Perlis","01608"
"Perlis","01609"
"Perlis","01610"
"Perlis","01612"
"Perlis","01614"
"Perlis","01620"
"Perlis","01622"
"Perlis","01626"
"Perlis","01628"
"Perlis","01630"
"Perlis","01632"
"Perlis","01634"
"Perlis","01644"
"Perlis","01646"
"Perlis","01648"
"Perlis","01660"
"Perlis","01664"
"Perlis","01670"
"Perlis","01672"
"Perlis","01673"
"Perlis","01674"
"Perlis","01676"
"Perlis","01680"
"Perlis","01694"
"Perlis","02000"
"Perlis","02100"
"Perlis","02200"
"Perlis","02400"
"Perlis","02450"
"Perlis","02500"
"Perlis","02600"
"Perlis","02607"
"Perlis","02609"
"Perlis","02700"
"Perlis","02707"
"Perlis","02709"
"Pulau Pinang","10000"
"Pulau Pinang","10050"
"Pulau Pinang","10100"
"Pulau Pinang","10150"
"Pulau Pinang","10200"
"Pulau Pinang","10250"
"Pulau Pinang","10300"
"Pulau Pinang","10350"
"Pulau Pinang","10400"
"Pulau Pinang","10450"
"Pulau Pinang","10460"
"Pulau Pinang","10470"
"Pulau Pinang","10500"
"Pulau Pinang","10502"
"Pulau Pinang","10503"
"Pulau Pinang","10504"
"Pulau Pinang","10505"
"Pulau Pinang","10506"
"Pulau Pinang","10508"
"Pulau Pinang","10512"
"Pulau Pinang","10514"
"Pulau Pinang","10516"
"Pulau Pinang","10518"
"Pulau Pinang","10524"
"Pulau Pinang","10534"
"Pulau Pinang","10538"
"Pulau Pinang","10540"
"Pulau Pinang","10542"
"Pulau Pinang","10546"
"Pulau Pinang","10550"
"Pulau Pinang","10551"
"Pulau Pinang","10552"
"Pulau Pinang","10558"
"Pulau Pinang","10560"
"Pulau Pinang","10564"
"Pulau Pinang","10566"
"Pulau Pinang","10570"
"Pulau Pinang","10576"
"Pulau Pinang","10578"
"Pulau Pinang","10582"
"Pulau Pinang","10590"
"Pulau Pinang","10592"
"Pulau Pinang","10594"
"Pulau Pinang","10596"
"Pulau Pinang","10600"
"Pulau Pinang","10604"
"Pulau Pinang","10609"
"Pulau Pinang","10610"
"Pulau Pinang","10612"
"Pulau Pinang","10620"
"Pulau Pinang","10622"
"Pulau Pinang","10626"
"Pulau Pinang","10628"
"Pulau Pinang","10634"
"Pulau Pinang","10646"
"Pulau Pinang","10648"
"Pulau Pinang","10660"
"Pulau Pinang","10661"
"Pulau Pinang","10662"
"Pulau Pinang","10668"
"Pulau Pinang","10670"
"Pahang","28000"
"Pulau Pinang","10672"
"Pulau Pinang","10673"
"Pulau Pinang","10674"
"Pulau Pinang","10676"
"Pulau Pinang","10690"
"Pulau Pinang","10700"
"Pulau Pinang","10710"
"Pulau Pinang","10720"
"Pulau Pinang","10730"
"Pulau Pinang","10740"
"Pulau Pinang","10750"
"Pulau Pinang","10760"
"Pulau Pinang","10770"
"Pulau Pinang","10780"
"Pulau Pinang","10790"
"Pulau Pinang","10800"
"Pulau Pinang","10810"
"Pulau Pinang","10820"
"Pulau Pinang","10830"
"Pulau Pinang","10840"
"Pulau Pinang","10850"
"Pulau Pinang","10900"
"Pulau Pinang","10910"
"Pulau Pinang","10920"
"Pulau Pinang","10990"
"Pulau Pinang","11000"
"Pulau Pinang","11050"
"Pulau Pinang","11060"
"Pulau Pinang","11100"
"Pulau Pinang","11200"
"Pulau Pinang","11300"
"Pulau Pinang","11400"
"Pulau Pinang","11409"
"Pulau Pinang","11500"
"Pulau Pinang","11600"
"Pulau Pinang","11609"
"Pulau Pinang","11700"
"Pulau Pinang","11800"
"Pulau Pinang","11900"
"Pulau Pinang","11910"
"Pulau Pinang","11920"
"Pulau Pinang","11950"
"Pulau Pinang","11960"
"Pulau Pinang","12000"
"Pulau Pinang","12100"
"Pulau Pinang","12200"
"Pulau Pinang","12300"
"Pulau Pinang","12700"
"Pulau Pinang","12710"
"Pulau Pinang","12720"
"Pulau Pinang","12990"
"Pulau Pinang","13000"
"Pulau Pinang","13009"
"Pulau Pinang","13020"
"Pulau Pinang","13050"
"Pulau Pinang","13100"
"Pulau Pinang","13110"
"Pulau Pinang","13200"
"Pulau Pinang","13210"
"Pulau Pinang","13220"
"Pulau Pinang","13300"
"Pulau Pinang","13310"
"Pulau Pinang","13400"
"Pulau Pinang","13409"
"Pulau Pinang","13500"
"Pulau Pinang","13600"
"Pulau Pinang","13700"
"Pulau Pinang","13800"
"Pulau Pinang","14000"
"Pulau Pinang","14007"
"Pulau Pinang","14009"
"Pulau Pinang","14100"
"Pulau Pinang","14110"
"Pulau Pinang","14120"
"Pulau Pinang","14200"
"Pulau Pinang","14300"
"Pulau Pinang","14310"
"Pulau Pinang","14320"
"Pulau Pinang","14400"
"Sabah","88000"
"Sabah","88100"
"Sabah","88200"
"Sabah","88300"
"Sabah","88400"
"Sabah","88450"
"Sabah","88500"
"Sabah","88502"
"Sabah","88504"
"Sabah","88505"
"Sabah","88506"
"Sabah","88508"
"Sabah","88510"
"Sabah","88512"
"Sabah","88514"
"Sabah","88516"
"Sabah","88518"
"Sabah","88520"
"Sabah","88526"
"Sabah","88527"
"Sabah","88532"
"Sabah","88534"
"Sabah","88538"
"Sabah","88540"
"Sabah","88546"
"Sabah","88550"
"Sabah","88551"
"Sabah","88552"
"Sabah","88554"
"Sabah","88556"
"Sabah","88558"
"Sabah","88560"
"Sabah","88562"
"Sabah","88564"
"Sabah","88566"
"Sabah","88568"
"Sabah","88570"
"Sabah","88572"
"Sabah","88576"
"Sabah","88580"
"Sabah","88582"
"Sabah","88586"
"Sabah","88590"
"Sabah","88592"
"Sabah","88594"
"Sabah","88596"
"Sabah","88598"
"Sabah","88600"
"Sabah","88602"
"Sabah","88604"
"Sabah","88606"
"Sabah","88608"
"Sabah","88609"
"Sabah","88610"
"Sabah","88612"
"Sabah","88614"
"Sabah","88617"
"Sabah","88618"
"Sabah","88620"
"Sabah","88621"
"Sabah","88622"
"Sabah","88624"
"Sabah","88626"
"Sabah","88628"
"Sabah","88630"
"Sabah","88632"
"Sabah","88634"
"Sabah","88644"
"Sabah","88646"
"Sabah","88648"
"Sabah","88656"
"Sabah","88658"
"Sabah","88660"
"Sabah","88661"
"Sabah","88662"
"Sabah","88670"
"Sabah","88672"
"Sabah","88673"
"Sabah","88675"
"Sabah","88676"
"Sabah","88680"
"Sabah","88690"
"Sabah","88757"
"Sabah","88758"
"Sabah","88759"
"Sabah","88760"
"Sabah","88761"
"Sabah","88762"
"Sabah","88763"
"Sabah","88764"
"Sabah","88765"
"Sabah","88766"
"Sabah","88767"
"Sabah","88768"
"Sabah","88769"
"Sabah","88770"
"Sabah","88771"
"Sabah","88772"
"Sabah","88773"
"Sabah","88774"
"Sabah","88775"
"Sabah","88776"
"Sabah","88777"
"Sabah","88778"
"Sabah","88779"
"Sabah","88780"
"Sabah","88781"
"Sabah","88782"
"Sabah","88783"
"Sabah","88784"
"Sabah","88785"
"Sabah","88786"
"Sabah","88787"
"Sabah","88788"
"Sabah","88789"
"Sabah","88790"
"Sabah","88800"
"Sabah","88801"
"Sabah","88802"
"Sabah","88803"
"Sabah","88804"
"Sabah","88805"
"Sabah","88806"
"Sabah","88807"
"Sabah","88808"
"Sabah","88809"
"Sabah","88810"
"Sabah","88811"
"Sabah","88812"
"Sabah","88813"
"Sabah","88814"
"Sabah","88815"
"Sabah","88816"
"Sabah","88817"
"Sabah","88818"
"Sabah","88819"
"Sabah","88820"
"Sabah","88821"
"Sabah","88822"
"Sabah","88823"
"Sabah","88824"
"Sabah","88825"
"Sabah","88826"
"Sabah","88827"
"Sabah","88828"
"Sabah","88829"
"Sabah","88830"
"Sabah","88831"
"Sabah","88832"
"Sabah","88833"
"Sabah","88834"
"Sabah","88835"
"Sabah","88836"
"Sabah","88837"
"Sabah","88838"
"Sabah","88839"
"Sabah","88840"
"Sabah","88841"
"Sabah","88842"
"Sabah","88843"
"Sabah","88844"
"Sabah","88845"
"Sabah","88846"
"Sabah","88847"
"Sabah","88848"
"Sabah","88849"
"Sabah","88850"
"Sabah","88851"
"Sabah","88852"
"Sabah","88853"
"Sabah","88854"
"Sabah","88855"
"Sabah","88859"
"Sabah","88860"
"Sabah","88861"
"Sabah","88862"
"Sabah","88863"
"Sabah","88865"
"Sabah","88866"
"Sabah","88867"
"Sabah","88868"
"Sabah","88869"
"Sabah","88870"
"Sabah","88871"
"Sabah","88900"
"Sabah","88901"
"Sabah","88902"
"Sabah","88903"
"Sabah","88904"
"Sabah","88905"
"Sabah","88906"
"Sabah","88988"
"Sabah","88990"
"Sabah","88991"
"Sabah","88992"
"Sabah","88993"
"Sabah","88994"
"Sabah","88995"
"Sabah","88996"
"Sabah","88997"
"Sabah","88998"
"Sabah","88999"
"Sabah","89000"
"Sabah","89007"
"Sabah","89008"
"Sabah","89009"
"Sabah","89050"
"Sabah","89057"
"Sabah","89058"
"Sabah","89059"
"Sabah","89100"
"Sabah","89107"
"Sabah","89108"
"Sabah","89109"
"Sabah","89150"
"Sabah","89157"
"Sabah","89158"
"Sabah","89159"
"Sabah","89200"
"Sabah","89207"
"Sabah","89208"
"Sabah","89209"
"Sabah","89250"
"Sabah","89257"
"Sabah","89258"
"Sabah","89259"
"Sabah","89300"
"Sabah","89307"
"Sabah","89308"
"Sabah","89309"
"Sabah","89500"
"Sabah","89507"
"Sabah","89508"
"Sabah","89509"
"Sabah","89600"
"Sabah","89607"
"Sabah","89608"
"Sabah","89609"
"Sabah","89650"
"Sabah","89657"
"Sabah","89658"
"Sabah","89659"
"Sabah","89707"
"Sabah","89708"
"Sabah","89709"
"Sabah","89720"
"Sabah","89727"
"Sabah","89728"
"Sabah","89729"
"Sabah","89740"
"Sabah","89747"
"Sabah","89748"
"Sabah","89749"
"Sabah","89760"
"Sabah","89767"
"Sabah","89768"
"Sabah","89769"
"Sabah","89800"
"Sabah","89807"
"Sabah","89808"
"Sabah","89809"
"Sabah","89850"
"Sabah","89857"
"Sabah","89858"
"Sabah","89859"
"Sabah","89900"
"Sabah","89907"
"Sabah","89908"
"Sabah","89909"
"Sabah","89950"
"Sabah","89957"
"Sabah","89958"
"Sabah","89959"
"Sabah","90000"
"Sabah","90009"
"Sabah","90100"
"Sabah","90107"
"Sabah","90109"
"Sabah","90200"
"Sabah","90300"
"Sabah","90307"
"Sabah","90400"
"Sabah","90700"
"Sabah","90701"
"Sabah","90702"
"Sabah","90703"
"Sabah","90704"
"Sabah","90705"
"Sabah","90706"
"Sabah","90707"
"Sabah","90708"
"Sabah","90709"
"Sabah","90711"
"Sabah","90712"
"Sabah","90713"
"Sabah","90714"
"Sabah","90715"
"Sabah","90716"
"Sabah","90717"
"Sabah","90718"
"Sabah","90719"
"Sabah","90720"
"Sabah","90721"
"Sabah","90722"
"Sabah","90723"
"Sabah","90724"
"Sabah","90725"
"Sabah","90726"
"Sabah","90727"
"Sabah","90728"
"Sabah","90729"
"Sabah","90730"
"Sabah","90731"
"Sabah","90732"
"Sabah","90733"
"Sabah","90734"
"Sabah","90735"
"Sabah","90736"
"Sabah","90737"
"Sabah","90738"
"Sabah","90739"
"Sabah","90740"
"Sabah","90741"
"Sabah","91000"
"Sabah","91007"
"Sabah","91008"
"Sabah","91009"
"Sabah","91010"
"Sabah","91011"
"Sabah","91012"
"Sabah","91013"
"Sabah","91014"
"Sabah","91015"
"Sabah","91016"
"Sabah","91017"
"Sabah","91018"
"Sabah","91019"
"Sabah","91020"
"Sabah","91021"
"Sabah","91022"
"Sabah","91023"
"Sabah","91024"
"Sabah","91025"
"Sabah","91026"
"Sabah","91027"
"Sabah","91028"
"Sabah","91029"
"Sabah","91030"
"Sabah","91031"
"Sabah","91032"
"Sabah","91033"
"Sabah","91034"
"Sabah","91035"
"Sabah","91100"
"Sabah","91109"
"Sabah","91110"
"Sabah","91111"
"Sabah","91112"
"Sabah","91113"
"Sabah","91114"
"Sabah","91115"
"Sabah","91116"
"Sabah","91117"
"Sabah","91118"
"Sabah","91119"
"Sabah","91120"
"Sabah","91121"
"Sabah","91122"
"Sabah","91123"
"Sabah","91124"
"Sabah","91125"
"Sabah","91126"
"Sabah","91127"
"Sabah","91200"
"Sabah","91207"
"Sabah","91209"
"Sabah","91300"
"Sabah","91307"
"Sabah","91308"
"Sabah","91309"
"Sarawak","93000"
"Sarawak","93010"
"Sarawak","93030"
"Sarawak","93050"
"Sarawak","93100"
"Sarawak","93150"
"Sarawak","93200"
"Sarawak","93250"
"Sarawak","93300"
"Sarawak","93350"
"Sarawak","93400"
"Sarawak","93450"
"Sarawak","93500"
"Sarawak","93502"
"Sarawak","93503"
"Sarawak","93504"
"Sarawak","93505"
"Sarawak","93506"
"Sarawak","93507"
"Sarawak","93508"
"Sarawak","93514"
"Sarawak","93516"
"Sarawak","93517"
"Sarawak","93518"
"Sarawak","93519"
"Sarawak","93520"
"Sarawak","93527"
"Sarawak","93529"
"Sarawak","93532"
"Sarawak","93540"
"Sarawak","93550"
"Sarawak","93551"
"Sarawak","93552"
"Sarawak","93554"
"Sarawak","93556"
"Sarawak","93558"
"Sarawak","93560"
"Sarawak","93564"
"Sarawak","93566"
"Sarawak","93570"
"Sarawak","93572"
"Sarawak","93576"
"Sarawak","93578"
"Sarawak","93582"
"Sarawak","93586"
"Sarawak","93590"
"Sarawak","93592"
"Sarawak","93594"
"Sarawak","93596"
"Sarawak","93600"
"Sarawak","93604"
"Sarawak","93606"
"Sarawak","93608"
"Sarawak","93609"
"Sarawak","93610"
"Sarawak","93612"
"Sarawak","93614"
"Sarawak","93618"
"Sarawak","93619"
"Sarawak","93620"
"Sarawak","93626"
"Sarawak","93628"
"Sarawak","93632"
"Sarawak","93634"
"Sarawak","93648"
"Sarawak","93658"
"Sarawak","93660"
"Sarawak","93661"
"Sarawak","93662"
"Sarawak","93668"
"Sarawak","93670"
"Sarawak","93672"
"Sarawak","93690"
"Sarawak","93700"
"Sarawak","93702"
"Sarawak","93704"
"Sarawak","93706"
"Sarawak","93708"
"Sarawak","93710"
"Sarawak","93712"
"Sarawak","93714"
"Sarawak","93716"
"Sarawak","93718"
"Sarawak","93720"
"Sarawak","93722"
"Sarawak","93724"
"Sarawak","93726"
"Sarawak","93728"
"Sarawak","93730"
"Sarawak","93732"
"Sarawak","93734"
"Sarawak","93736"
"Sarawak","93738"
"Sarawak","93740"
"Sarawak","93742"
"Sarawak","93744"
"Sarawak","93746"
"Sarawak","93748"
"Sarawak","93750"
"Sarawak","93752"
"Sarawak","93754"
"Sarawak","93756"
"Sarawak","93758"
"Sarawak","93760"
"Sarawak","93762"
"Sarawak","93764"
"Sarawak","93900"
"Sarawak","93902"
"Sarawak","93904"
"Sarawak","93906"
"Sarawak","93908"
"Sarawak","93910"
"Sarawak","93912"
"Sarawak","93914"
"Sarawak","93916"
"Sarawak","93990"
"Sarawak","94000"
"Sarawak","94007"
"Sarawak","94009"
"Sarawak","94200"
"Sarawak","94300"
"Sarawak","94500"
"Sarawak","94507"
"Sarawak","94509"
"Sarawak","94600"
"Sarawak","94650"
"Sarawak","94700"
"Sarawak","94707"
"Sarawak","94709"
"Sarawak","94750"
"Sarawak","94760"
"Sarawak","94800"
"Sarawak","94807"
"Sarawak","94809"
"Sarawak","94850"
"Sarawak","94900"
"Sarawak","94950"
"Sarawak","95000"
"Sarawak","95007"
"Sarawak","95008"
"Sarawak","95009"
"Sarawak","95300"
"Sarawak","95400"
"Sarawak","95407"
"Sarawak","95409"
"Sarawak","95500"
"Sarawak","95600"
"Sarawak","95700"
"Sarawak","95707"
"Sarawak","95709"
"Sarawak","95800"
"Sarawak","95900"
"Sarawak","96000"
"Sarawak","96007"
"Sarawak","96008"
"Sarawak","96009"
"Sarawak","96100"
"Sarawak","96107"
"Sarawak","96108"
"Sarawak","96109"
"Sarawak","96150"
"Sarawak","96200"
"Sarawak","96250"
"Sarawak","96300"
"Sarawak","96307"
"Sarawak","96309"
"Sarawak","96350"
"Sarawak","96400"
"Sarawak","96410"
"Sarawak","96500"
"Sarawak","96507"
"Sarawak","96508"
"Sarawak","96509"
"Sarawak","96510"
"Sarawak","96600"
"Sarawak","96700"
"Sarawak","96707"
"Sarawak","96709"
"Sarawak","96800"
"Sarawak","96807"
"Sarawak","96809"
"Sarawak","96850"
"Sarawak","96900"
"Sarawak","97000"
"Sarawak","97007"
"Sarawak","97008"
"Sarawak","97009"
"Sarawak","97010"
"Sarawak","97011"
"Sarawak","97012"
"Sarawak","97013"
"Sarawak","97014"
"Sarawak","97015"
"Sarawak","97100"
"Sarawak","97200"
"Sarawak","97300"
"Sarawak","98000"
"Sarawak","98007"
"Sarawak","98008"
"Sarawak","98009"
"Sarawak","98050"
"Sarawak","98057"
"Sarawak","98058"
"Sarawak","98059"
"Sarawak","98100"
"Sarawak","98107"
"Sarawak","98109"
"Sarawak","98150"
"Sarawak","98157"
"Sarawak","98159"
"Sarawak","98200"
"Sarawak","98300"
"Sarawak","98700"
"Sarawak","98707"
"Sarawak","98708"
"Sarawak","98709"
"Sarawak","98750"
"Sarawak","98800"
"Sarawak","98850"
"Sarawak","98857"
"Sarawak","98859"
"Selangor","40000"
"Selangor","40100"
"Selangor","40150"
"Selangor","40160"
"Selangor","40170"
"Selangor","40200"
"Selangor","40300"
"Selangor","40400"
"Selangor","40450"
"Selangor","40460"
"Selangor","40470"
"Selangor","40500"
"Selangor","40502"
"Selangor","40503"
"Selangor","40505"
"Selangor","40509"
"Selangor","40512"
"Selangor","40517"
"Selangor","40520"
"Selangor","40529"
"Selangor","40542"
"Selangor","40548"
"Selangor","40550"
"Selangor","40551"
"Selangor","40560"
"Selangor","40564"
"Selangor","40570"
"Selangor","40572"
"Selangor","40576"
"Selangor","40578"
"Selangor","40582"
"Selangor","40590"
"Selangor","40592"
"Selangor","40594"
"Selangor","40596"
"Selangor","40598"
"Selangor","40604"
"Selangor","40607"
"Selangor","40608"
"Selangor","40610"
"Selangor","40612"
"Selangor","40620"
"Selangor","40622"
"Selangor","40626"
"Selangor","40632"
"Selangor","40646"
"Selangor","40648"
"Selangor","40660"
"Selangor","40664"
"Selangor","40670"
"Selangor","40672"
"Selangor","40673"
"Selangor","40674"
"Selangor","40675"
"Selangor","40676"
"Selangor","40680"
"Selangor","40690"
"Selangor","40700"
"Selangor","40702"
"Selangor","40704"
"Selangor","40706"
"Selangor","40708"
"Selangor","40710"
"Selangor","40712"
"Selangor","40714"
"Selangor","40716"
"Selangor","40718"
"Selangor","40720"
"Selangor","40722"
"Selangor","40724"
"Selangor","40726"
"Selangor","40728"
"Selangor","40730"
"Selangor","40732"
"Selangor","40990"
"Selangor","41000"
"Selangor","41050"
"Selangor","41100"
"Selangor","41150"
"Selangor","41200"
"Selangor","41250"
"Selangor","41300"
"Selangor","41400"
"Selangor","41500"
"Selangor","41506"
"Selangor","41560"
"Selangor","41586"
"Selangor","41672"
"Selangor","41675"
"Selangor","41700"
"Selangor","41710"
"Selangor","41720"
"Selangor","41900"
"Selangor","41902"
"Selangor","41904"
"Selangor","41906"
"Selangor","41908"
"Selangor","41910"
"Selangor","41912"
"Selangor","41914"
"Selangor","41916"
"Selangor","41918"
"Selangor","41990"
"Selangor","42000"
"Selangor","42009"
"Selangor","42100"
"Selangor","42200"
"Selangor","42300"
"Selangor","42450"
"Selangor","42500"
"Selangor","42507"
"Selangor","42509"
"Selangor","42600"
"Selangor","42610"
"Selangor","42700"
"Selangor","42800"
"Selangor","42920"
"Selangor","42940"
"Selangor","42960"
"Selangor","43000"
"Selangor","43007"
"Selangor","43009"
"Selangor","43100"
"Selangor","43200"
"Selangor","43207"
"Selangor","43300"
"Selangor","43400"
"Selangor","43500"
"Selangor","43600"
"Selangor","43650"
"Selangor","43700"
"Selangor","43800"
"Selangor","43807"
"Selangor","43809"
"Selangor","43900"
"Selangor","43950"
"Selangor","44000"
"Selangor","44010"
"Selangor","44020"
"Selangor","44100"
"Selangor","44110"
"Selangor","44200"
"Selangor","44300"
"Selangor","45000"
"Selangor","45030"
"Selangor","45100"
"Selangor","45200"
"Selangor","45207"
"Selangor","45209"
"Selangor","45300"
"Selangor","45400"
"Selangor","45500"
"Selangor","45600"
"Selangor","45607"
"Selangor","45609"
"Selangor","45620"
"Selangor","45700"
"Selangor","45800"
"Selangor","46000"
"Selangor","46050"
"Selangor","46100"
"Selangor","46150"
"Selangor","46160"
"Selangor","46200"
"Selangor","46300"
"Selangor","46350"
"Selangor","46400"
"Selangor","46506"
"Selangor","46547"
"Selangor","46549"
"Selangor","46551"
"Selangor","46564"
"Selangor","46582"
"Selangor","46598"
"Selangor","46662"
"Selangor","46667"
"Selangor","46668"
"Selangor","46672"
"Selangor","46675"
"Selangor","46692"
"Selangor","46700"
"Selangor","46710"
"Selangor","46720"
"Selangor","46730"
"Selangor","46740"
"Selangor","46750"
"Selangor","46760"
"Selangor","46770"
"Selangor","46780"
"Selangor","46781"
"Selangor","46782"
"Selangor","46783"
"Selangor","46784"
"Selangor","46785"
"Selangor","46786"
"Selangor","46787"
"Selangor","46788"
"Selangor","46789"
"Selangor","46790"
"Selangor","46791"
"Selangor","46792"
"Selangor","46793"
"Selangor","46794"
"Selangor","46795"
"Selangor","46796"
"Selangor","46797"
"Selangor","46798"
"Selangor","46799"
"Selangor","46800"
"Selangor","46801"
"Selangor","46802"
"Selangor","46803"
"Selangor","46804"
"Selangor","46805"
"Selangor","46806"
"Selangor","46860"
"Selangor","46870"
"Selangor","46960"
"Selangor","46962"
"Selangor","46964"
"Selangor","46966"
"Selangor","46968"
"Selangor","46970"
"Selangor","46972"
"Selangor","46974"
"Selangor","46976"
"Selangor","46978"
"Selangor","47000"
"Selangor","47100"
"Selangor","47200"
"Selangor","47300"
"Selangor","47301"
"Selangor","47307"
"Selangor","47308"
"Selangor","47400"
"Selangor","47500"
"Selangor","47507"
"Selangor","47509"
"Selangor","47600"
"Selangor","47610"
"Selangor","47620"
"Selangor","47630"
"Selangor","47800"
"Selangor","47810"
"Selangor","47820"
"Selangor","47830"
"Selangor","48000"
"Selangor","48010"
"Selangor","48050"
"Selangor","48100"
"Selangor","48200"
"Selangor","63000"
"Selangor","64000"
"Selangor","68000"
"Selangor","68100"
"Terengganu","20000"
"Terengganu","20050"
"Terengganu","20080"
"Terengganu","20100"
"Terengganu","20200"
"Terengganu","20300"
"Terengganu","20400"
"Terengganu","20500"
"Terengganu","20502"
"Terengganu","20503"
"Terengganu","20504"
"Terengganu","20505"
"Terengganu","20506"
"Terengganu","20508"
"Terengganu","20512"
"Terengganu","20514"
"Terengganu","20516"
"Terengganu","20517"
"Terengganu","20518"
"Terengganu","20519"
"Terengganu","20520"
"Terengganu","20532"
"Terengganu","20534"
"Terengganu","20536"
"Terengganu","20538"
"Terengganu","20540"
"Terengganu","20542"
"Terengganu","20546"
"Terengganu","20548"
"Terengganu","20550"
"Terengganu","20551"
"Terengganu","20552"
"Terengganu","20554"
"Terengganu","20556"
"Terengganu","20560"
"Terengganu","20564"
"Terengganu","20566"
"Terengganu","20568"
"Terengganu","20570"
"Terengganu","20572"
"Terengganu","20576"
"Terengganu","20578"
"Terengganu","20582"
"Terengganu","20586"
"Terengganu","20590"
"Terengganu","20592"
"Terengganu","20594"
"Terengganu","20596"
"Terengganu","20598"
"Terengganu","20600"
"Terengganu","20604"
"Terengganu","20606"
"Terengganu","20608"
"Terengganu","20609"
"Terengganu","20610"
"Terengganu","20612"
"Terengganu","20614"
"Terengganu","20618"
"Terengganu","20620"
"Terengganu","20622"
"Terengganu","20626"
"Terengganu","20628"
"Terengganu","20630"
"Terengganu","20632"
"Terengganu","20646"
"Terengganu","20648"
"Terengganu","20656"
"Terengganu","20658"
"Terengganu","20660"
"Terengganu","20661"
"Terengganu","20662"
"Terengganu","20664"
"Terengganu","20668"
"Terengganu","20670"
"Terengganu","20672"
"Terengganu","20673"
"Terengganu","20674"
"Terengganu","20676"
"Terengganu","20680"
"Terengganu","20690"
"Terengganu","20700"
"Terengganu","20710"
"Terengganu","20720"
"Terengganu","20900"
"Terengganu","20902"
"Terengganu","20904"
"Terengganu","20906"
"Terengganu","20908"
"Terengganu","20910"
"Terengganu","20912"
"Terengganu","20914"
"Terengganu","20916"
"Terengganu","20918"
"Terengganu","20920"
"Terengganu","20922"
"Terengganu","20924"
"Terengganu","20926"
"Terengganu","20928"
"Terengganu","20930"
"Terengganu","20990"
"Terengganu","21000"
"Terengganu","21010"
"Terengganu","21020"
"Terengganu","21030"
"Terengganu","21040"
"Terengganu","21050"
"Terengganu","21060"
"Terengganu","21070"
"Terengganu","21080"
"Terengganu","21090"
"Terengganu","21100"
"Terengganu","21109"
"Terengganu","21159"
"Terengganu","21200"
"Terengganu","21209"
"Terengganu","21210"
"Terengganu","21220"
"Terengganu","21300"
"Terengganu","21309"
"Terengganu","21400"
"Terengganu","21450"
"Terengganu","21500"
"Terengganu","21600"
"Terengganu","21610"
"Terengganu","21700"
"Terengganu","21800"
"Terengganu","21810"
"Terengganu","21820"
"Terengganu","22000"
"Terengganu","22010"
"Terengganu","22020"
"Terengganu","22030"
"Terengganu","22040"
"Terengganu","22100"
"Terengganu","22107"
"Terengganu","22109"
"Terengganu","22110"
"Terengganu","22120"
"Terengganu","22200"
"Terengganu","22300"
"Terengganu","22307"
"Terengganu","22309"
"Terengganu","23000"
"Terengganu","23007"
"Terengganu","23009"
"Terengganu","23050"
"Terengganu","23100"
"Terengganu","23200"
"Terengganu","23300"
"Terengganu","23400"
"Terengganu","24000"
"Terengganu","24007"
"Terengganu","24009"
"Terengganu","24010"
"Terengganu","24020"
"Terengganu","24030"
"Terengganu","24040"
"Terengganu","24050"
"Terengganu","24100"
"Terengganu","24107"
"Terengganu","24109"
"Terengganu","24200"
"Terengganu","24207"
"Terengganu","24209"
"Terengganu","24210"
"Terengganu","24300"
"Terengganu","24520"
"Wilayah Persekutuan","50000"
"Wilayah Persekutuan","50050"
"Wilayah Persekutuan","50088"
"Wilayah Persekutuan","50100"
"Wilayah Persekutuan","50150"
"Wilayah Persekutuan","50200"
"Wilayah Persekutuan","50250"
"Wilayah Persekutuan","50300"
"Wilayah Persekutuan","50350"
"Wilayah Persekutuan","50400"
"Wilayah Persekutuan","50450"
"Wilayah Persekutuan","50460"
"Wilayah Persekutuan","50470"
"Wilayah Persekutuan","50480"
"Wilayah Persekutuan","50490"
"Wilayah Persekutuan","50500"
"Wilayah Persekutuan","50506"
"Wilayah Persekutuan","50507"
"Wilayah Persekutuan","50508"
"Wilayah Persekutuan","50515"
"Wilayah Persekutuan","50517"
"Wilayah Persekutuan","50522"
"Wilayah Persekutuan","50528"
"Wilayah Persekutuan","50530"
"Wilayah Persekutuan","50532"
"Wilayah Persekutuan","50534"
"Wilayah Persekutuan","50536"
"Wilayah Persekutuan","50538"
"Wilayah Persekutuan","50540"
"Wilayah Persekutuan","50542"
"Wilayah Persekutuan","50544"
"Wilayah Persekutuan","50548"
"Wilayah Persekutuan","50550"
"Wilayah Persekutuan","50551"
"Wilayah Persekutuan","50552"
"Wilayah Persekutuan","50554"
"Wilayah Persekutuan","50556"
"Wilayah Persekutuan","50558"
"Wilayah Persekutuan","50560"
"Wilayah Persekutuan","50562"
"Wilayah Persekutuan","50564"
"Wilayah Persekutuan","50566"
"Wilayah Persekutuan","50568"
"Wilayah Persekutuan","50570"
"Wilayah Persekutuan","50572"
"Wilayah Persekutuan","50574"
"Wilayah Persekutuan","50576"
"Wilayah Persekutuan","50578"
"Wilayah Persekutuan","50580"
"Wilayah Persekutuan","50584"
"Wilayah Persekutuan","50586"
"Wilayah Persekutuan","50588"
"Wilayah Persekutuan","50590"
"Wilayah Persekutuan","50592"
"Wilayah Persekutuan","50594"
"Wilayah Persekutuan","50596"
"Wilayah Persekutuan","50599"
"Wilayah Persekutuan","50600"
"Wilayah Persekutuan","50602"
"Wilayah Persekutuan","50603"
"Wilayah Persekutuan","50604"
"Wilayah Persekutuan","50605"
"Wilayah Persekutuan","50606"
"Wilayah Persekutuan","50608"
"Wilayah Persekutuan","50609"
"Wilayah Persekutuan","50610"
"Wilayah Persekutuan","50612"
"Wilayah Persekutuan","50614"
"Wilayah Persekutuan","50618"
"Wilayah Persekutuan","50621"
"Wilayah Persekutuan","50622"
"Wilayah Persekutuan","50624"
"Wilayah Persekutuan","50626"
"Wilayah Persekutuan","50628"
"Wilayah Persekutuan","50630"
"Wilayah Persekutuan","50632"
"Wilayah Persekutuan","50634"
"Wilayah Persekutuan","50636"
"Wilayah Persekutuan","50638"
"Wilayah Persekutuan","50640"
"Wilayah Persekutuan","50642"
"Wilayah Persekutuan","50644"
"Wilayah Persekutuan","50646"
"Wilayah Persekutuan","50648"
"Wilayah Persekutuan","50650"
"Wilayah Persekutuan","50652"
"Wilayah Persekutuan","50653"
"Wilayah Persekutuan","50654"
"Wilayah Persekutuan","50656"
"Wilayah Persekutuan","50658"
"Wilayah Persekutuan","50660"
"Wilayah Persekutuan","50661"
"Wilayah Persekutuan","50664"
"Wilayah Persekutuan","50666"
"Wilayah Persekutuan","50668"
"Wilayah Persekutuan","50670"
"Wilayah Persekutuan","50672"
"Wilayah Persekutuan","50673"
"Wilayah Persekutuan","50676"
"Wilayah Persekutuan","50678"
"Wilayah Persekutuan","50680"
"Wilayah Persekutuan","50682"
"Wilayah Persekutuan","50684"
"Wilayah Persekutuan","50686"
"Wilayah Persekutuan","50688"
"Wilayah Persekutuan","50692"
"Wilayah Persekutuan","50694"
"Wilayah Persekutuan","50700"
"Wilayah Persekutuan","50702"
"Wilayah Persekutuan","50704"
"Wilayah Persekutuan","50706"
"Wilayah Persekutuan","50708"
"Wilayah Persekutuan","50710"
"Wilayah Persekutuan","50712"
"Wilayah Persekutuan","50714"
"Wilayah Persekutuan","50716"
"Wilayah Persekutuan","50718"
"Wilayah Persekutuan","50720"
"Wilayah Persekutuan","50722"
"Wilayah Persekutuan","50724"
"Wilayah Persekutuan","50726"
"Wilayah Persekutuan","50728"
"Wilayah Persekutuan","50730"
"Wilayah Persekutuan","50732"
"Wilayah Persekutuan","50734"
"Wilayah Persekutuan","50736"
"Wilayah Persekutuan","50738"
"Wilayah Persekutuan","50740"
"Wilayah Persekutuan","50742"
"Wilayah Persekutuan","50744"
"Wilayah Persekutuan","50746"
"Wilayah Persekutuan","50748"
"Wilayah Persekutuan","50750"
"Wilayah Persekutuan","50752"
"Wilayah Persekutuan","50754"
"Wilayah Persekutuan","50758"
"Wilayah Persekutuan","50760"
"Wilayah Persekutuan","50762"
"Wilayah Persekutuan","50764"
"Wilayah Persekutuan","50766"
"Wilayah Persekutuan","50768"
"Wilayah Persekutuan","50770"
"Wilayah Persekutuan","50772"
"Wilayah Persekutuan","50774"
"Wilayah Persekutuan","50776"
"Wilayah Persekutuan","50778"
"Wilayah Persekutuan","50780"
"Wilayah Persekutuan","50782"
"Wilayah Persekutuan","50784"
"Wilayah Persekutuan","50786"
"Wilayah Persekutuan","50788"
"Wilayah Persekutuan","50790"
"Wilayah Persekutuan","50792"
"Wilayah Persekutuan","50794"
"Wilayah Persekutuan","50796"
"Wilayah Persekutuan","50798"
"Wilayah Persekutuan","50800"
"Wilayah Persekutuan","50802"
"Wilayah Persekutuan","50804"
"Wilayah Persekutuan","50806"
"Wilayah Persekutuan","50808"
"Wilayah Persekutuan","50810"
"Wilayah Persekutuan","50812"
"Wilayah Persekutuan","50814"
"Wilayah Persekutuan","50816"
"Wilayah Persekutuan","50818"
"Wilayah Persekutuan","50901"
"Wilayah Persekutuan","50902"
"Wilayah Persekutuan","50903"
"Wilayah Persekutuan","50904"
"Wilayah Persekutuan","50906"
"Wilayah Persekutuan","50907"
"Wilayah Persekutuan","50908"
"Wilayah Persekutuan","50909"
"Wilayah Persekutuan","50910"
"Wilayah Persekutuan","50911"
"Wilayah Persekutuan","50912"
"Wilayah Persekutuan","50913"
"Wilayah Persekutuan","50914"
"Wilayah Persekutuan","50915"
"Wilayah Persekutuan","50916"
"Wilayah Persekutuan","50917"
"Wilayah Persekutuan","50918"
"Wilayah Persekutuan","50919"
"Wilayah Persekutuan","50920"
"Wilayah Persekutuan","50921"
"Wilayah Persekutuan","50922"
"Wilayah Persekutuan","50923"
"Wilayah Persekutuan","50924"
"Wilayah Persekutuan","50925"
"Wilayah Persekutuan","50926"
"Wilayah Persekutuan","50927"
"Wilayah Persekutuan","50928"
"Wilayah Persekutuan","50929"
"Wilayah Persekutuan","50930"
"Wilayah Persekutuan","50931"
"Wilayah Persekutuan","50932"
"Wilayah Persekutuan","50933"
"Wilayah Persekutuan","50934"
"Wilayah Persekutuan","50935"
"Wilayah Persekutuan","50936"
"Wilayah Persekutuan","50937"
"Wilayah Persekutuan","50938"
"Wilayah Persekutuan","50939"
"Wilayah Persekutuan","50940"
"Wilayah Persekutuan","50941"
"Wilayah Persekutuan","50942"
"Wilayah Persekutuan","50943"
"Wilayah Persekutuan","50944"
"Wilayah Persekutuan","50945"
"Wilayah Persekutuan","50946"
"Wilayah Persekutuan","50947"
"Wilayah Persekutuan","50948"
"Wilayah Persekutuan","50949"
"Wilayah Persekutuan","50950"
"Wilayah Persekutuan","50988"
"Wilayah Persekutuan","50989"
"Wilayah Persekutuan","50990"
"Wilayah Persekutuan","51000"
"Wilayah Persekutuan","51100"
"Wilayah Persekutuan","51200"
"Wilayah Persekutuan","51700"
"Wilayah Persekutuan","51990"
"Wilayah Persekutuan","52000"
"Wilayah Persekutuan","52100"
"Wilayah Persekutuan","52200"
"Wilayah Persekutuan","53000"
"Wilayah Persekutuan","53100"
"Wilayah Persekutuan","53200"
"Wilayah Persekutuan","53300"
"Wilayah Persekutuan","53700"
"Wilayah Persekutuan","53800"
"Wilayah Persekutuan","53990"
"Wilayah Persekutuan","54000"
"Wilayah Persekutuan","54100"
"Wilayah Persekutuan","54200"
"Wilayah Persekutuan","55000"
"Wilayah Persekutuan","55100"
"Wilayah Persekutuan","55200"
"Wilayah Persekutuan","55300"
"Wilayah Persekutuan","55700"
"Wilayah Persekutuan","55710"
"Wilayah Persekutuan","55720"
"Wilayah Persekutuan","55900"
"Wilayah Persekutuan","55902"
"Wilayah Persekutuan","55904"
"Wilayah Persekutuan","55906"
"Wilayah Persekutuan","55908"
"Wilayah Persekutuan","55910"
"Wilayah Persekutuan","55912"
"Wilayah Persekutuan","55914"
"Wilayah Persekutuan","55916"
"Wilayah Persekutuan","55918"
"Wilayah Persekutuan","55920"
"Wilayah Persekutuan","55922"
"Wilayah Persekutuan","55924"
"Wilayah Persekutuan","55926"
"Wilayah Persekutuan","55928"
"Wilayah Persekutuan","55930"
"Wilayah Persekutuan","55932"
"Wilayah Persekutuan","55934"
"Wilayah Persekutuan","55990"
"Wilayah Persekutuan","56000"
"Wilayah Persekutuan","56100"
"Wilayah Persekutuan","57000"
"Wilayah Persekutuan","57100"
"Wilayah Persekutuan","57700"
"Wilayah Persekutuan","57990"
"Wilayah Persekutuan","58000"
"Wilayah Persekutuan","58100"
"Wilayah Persekutuan","58200"
"Wilayah Persekutuan","58700"
"Wilayah Persekutuan","58990"
"Wilayah Persekutuan","59000"
"Wilayah Persekutuan","59100"
"Wilayah Persekutuan","59200"
"Wilayah Persekutuan","59700"
"Wilayah Persekutuan","59800"
"Wilayah Persekutuan","59990"
"Wilayah Persekutuan","60000"
"Wilayah Persekutuan","62000"
"Wilayah Persekutuan","62050"
"Wilayah Persekutuan","62100"
"Wilayah Persekutuan","62150"
"Wilayah Persekutuan","62200"
"Wilayah Persekutuan","62250"
"Wilayah Persekutuan","62300"
"Wilayah Persekutuan","62502"
"Wilayah Persekutuan","62503"
"Wilayah Persekutuan","62504"
"Wilayah Persekutuan","62505"
"Wilayah Persekutuan","62510"
"Wilayah Persekutuan","62512"
"Wilayah Persekutuan","62514"
"Wilayah Persekutuan","62516"
"Wilayah Persekutuan","62518"
"Wilayah Persekutuan","62519"
"Wilayah Persekutuan","62520"
"Wilayah Persekutuan","62524"
"Wilayah Persekutuan","62526"
"Wilayah Persekutuan","62527"
"Wilayah Persekutuan","62529"
"Wilayah Persekutuan","62546"
"Wilayah Persekutuan","62582"
"Wilayah Persekutuan","62606"
"Wilayah Persekutuan","62616"
"Wilayah Persekutuan","62620"
"Wilayah Persekutuan","62662"
"Wilayah Persekutuan","62674"
"Wilayah Persekutuan","62675"
"Wilayah Persekutuan","62677"
"Wilayah Persekutuan","62690"
"Wilayah Persekutuan","87000"
"Wilayah Persekutuan","87007"
"Wilayah Persekutuan","87008"
